"Status","Start Time","Stop Time","Duration in ms","Parent Suite","Suite","Sub Suite","Test Class","Test Method","Name","Description"
"passed","Mon Feb 26 10:23:33 GMT 2024","Mon Feb 26 10:23:33 GMT 2024","226","Settings","Preferences","Create Business Preference","","","Non Existing Business ID - Create business preference",""
"failed","Mon Feb 26 10:23:10 GMT 2024","Mon Feb 26 10:23:10 GMT 2024","329","Bills","Create business billing","","","","Send Money fee - negative percentage value_failed",""
"passed","Mon Feb 26 10:22:52 GMT 2024","Mon Feb 26 10:22:52 GMT 2024","139","Invoice","Vendor Invoice","Invoice Approval","","","Empty Vendor Ref Field - Invoice Approval",""
"passed","Mon Feb 26 10:22:10 GMT 2024","Mon Feb 26 10:22:11 GMT 2024","540","Overview","Fund account","","","","Successful - Fund account",""
"passed","Mon Feb 26 10:23:25 GMT 2024","Mon Feb 26 10:23:26 GMT 2024","156","Settings","Compliance Document","New Folder","","","delete compliance document",""
"passed","Mon Feb 26 10:23:27 GMT 2024","Mon Feb 26 10:23:27 GMT 2024","82","Settings","Approval Workflow Engine Copy","","","","Fetch Single Approval Workflow",""
"passed","Mon Feb 26 10:22:30 GMT 2024","Mon Feb 26 10:22:31 GMT 2024","517","Transactions","List Transactions","","","","By Category - List Transactions",""
"failed","Mon Feb 26 10:23:36 GMT 2024","Mon Feb 26 10:23:36 GMT 2024","118","Settings","Update Business Logo","","","","Successful - Update Business Logo Copy",""
"passed","Mon Feb 26 10:23:46 GMT 2024","Mon Feb 26 10:23:46 GMT 2024","194","Payout","delete bulk payout","","","","Invalid Batch Payout Ref - Delete Bulk Payout",""
"passed","Mon Feb 26 10:23:41 GMT 2024","Mon Feb 26 10:23:42 GMT 2024","196","Payout","Fetch Scheduled Payouts","","","","Successful - Fetch Scheduled Payouts",""
"passed","Mon Feb 26 10:22:24 GMT 2024","Mon Feb 26 10:22:24 GMT 2024","394","Business","Wallets","Create Wallet","","","Invalid Business ID - Create Wallet",""
"failed","Mon Feb 26 10:23:16 GMT 2024","Mon Feb 26 10:23:16 GMT 2024","114","Bills","Create Bill","","","","Create Bill - invalid vendor ref",""
"passed","Mon Feb 26 10:22:52 GMT 2024","Mon Feb 26 10:22:52 GMT 2024","135","Invoice","Vendor Invoice","Invoice Approval","","","Empty Invoice Number Field - Invoice Approval",""
"passed","Mon Feb 26 10:23:37 GMT 2024","Mon Feb 26 10:23:37 GMT 2024","225","Settings","","","","","activate business",""
"passed","Mon Feb 26 10:22:31 GMT 2024","Mon Feb 26 10:22:32 GMT 2024","146","Transactions","Get Transactions","","","","Successful - Get transaction",""
"passed","Mon Feb 26 10:22:33 GMT 2024","Mon Feb 26 10:22:35 GMT 2024","1921","Expense Management","Create Expense Account","","","","With Managers - Create Expense Account",""
"passed","Mon Feb 26 10:23:28 GMT 2024","Mon Feb 26 10:23:28 GMT 2024","236","Settings","User Roles Management Copy","","","","Update Role",""
"passed","Mon Feb 26 10:23:05 GMT 2024","Mon Feb 26 10:23:05 GMT 2024","125","Recipients","Fetch Recipients","","","","fetch recipients-Empty business id field",""
"passed","Mon Feb 26 10:23:33 GMT 2024","Mon Feb 26 10:23:33 GMT 2024","207","Settings","Webhook","","","","Delete webhook",""
"failed","Mon Feb 26 10:23:16 GMT 2024","Mon Feb 26 10:23:17 GMT 2024","116","Bills","Create Bill","","","","Create Bill - no initiator_id",""
"passed","Mon Feb 26 10:23:40 GMT 2024","Mon Feb 26 10:23:41 GMT 2024","285","Payout","Schedule payment","","","","Empty Recipient Account Number Field - Schedule payment",""
"passed","Mon Feb 26 10:22:47 GMT 2024","Mon Feb 26 10:22:47 GMT 2024","146","Invoice","Edit Draft Invoice","","","","Invalid Invoice ID - Edit Draft Invoice",""
"passed","Mon Feb 26 10:22:49 GMT 2024","Mon Feb 26 10:22:49 GMT 2024","147","Invoice","Fetch Invoice Details","","","","Non-Existing ID - Fetch Invoice Details",""
"failed","Mon Feb 26 10:23:21 GMT 2024","Mon Feb 26 10:23:22 GMT 2024","452","Bills","Fetch Bills","","","","Fetch Bills - No Auth Key",""
"failed","Mon Feb 26 10:23:15 GMT 2024","Mon Feb 26 10:23:15 GMT 2024","344","Bills","Add default billings","","","","Add default billings - negative band values_failed",""
"passed","Mon Feb 26 10:23:46 GMT 2024","Mon Feb 26 10:23:46 GMT 2024","142","Notifications","Send Email Notification","","","","Successful - Send Email Notification",""
"failed","Mon Feb 26 10:23:17 GMT 2024","Mon Feb 26 10:23:17 GMT 2024","119","Bills","Create Bill","","","","Create Bill - no amount",""
"passed","Mon Feb 26 10:23:03 GMT 2024","Mon Feb 26 10:23:03 GMT 2024","131","Recipients","Add recipient","","","","add recipient-Empty type field",""
"passed","Mon Feb 26 10:23:35 GMT 2024","Mon Feb 26 10:23:35 GMT 2024","327","Settings","Custom Payout","Add Custom Payout","","","Successful - Add Custom Payout",""
"passed","Mon Feb 26 10:22:59 GMT 2024","Mon Feb 26 10:22:59 GMT 2024","155","Profile","Profile","Change Password","","","Invalid Confirm Password - Change Password","change password"
"passed","Mon Feb 26 10:22:54 GMT 2024","Mon Feb 26 10:22:54 GMT 2024","150","Virtual Accounts","Get Account","","","","Successful - Get Account",""
"passed","Mon Feb 26 10:22:25 GMT 2024","Mon Feb 26 10:22:26 GMT 2024","252","Business","Wallets","P2P Transfer","","","Empty Amount Field - P2P Transfer",""
"failed","Mon Feb 26 10:23:17 GMT 2024","Mon Feb 26 10:23:17 GMT 2024","183","Bills","Create Bill","","","","Create Bill - invalid amount",""
"failed","Mon Feb 26 10:23:11 GMT 2024","Mon Feb 26 10:23:11 GMT 2024","329","Bills","Create business billing","","","","Send Money fee - negative fixed value_failed",""
"passed","Mon Feb 26 10:22:17 GMT 2024","Mon Feb 26 10:22:17 GMT 2024","112","Business","Utilities","Verify Account Number","","","Empty Fields - Verify Account Number",""
"passed","Mon Feb 26 10:23:00 GMT 2024","Mon Feb 26 10:23:01 GMT 2024","146","Profile","2FA","Verify 2fa Setup","","","Empty Email  Field- Verify 2fa Setup",""
"passed","Mon Feb 26 10:22:56 GMT 2024","Mon Feb 26 10:22:56 GMT 2024","125","Virtual Accounts","Update Account","","","","Empty Account Name Field - Update Account",""
"passed","Mon Feb 26 10:23:32 GMT 2024","Mon Feb 26 10:23:32 GMT 2024","176","Settings","Webhook","","","","List webhook",""
"passed","Mon Feb 26 10:23:00 GMT 2024","Mon Feb 26 10:23:00 GMT 2024","218","Profile","2FA","Verify 2fa Setup","","","Successful - Verify 2fa Setup",""
"passed","Mon Feb 26 10:23:05 GMT 2024","Mon Feb 26 10:23:06 GMT 2024","180","Recipients","Recipient summary","","","","recipients summary-Empty business id param",""
"passed","Mon Feb 26 10:23:38 GMT 2024","Mon Feb 26 10:23:38 GMT 2024","122","Payout","Add Payouts to Existing Bulk Records","","","","Empty Bank Code - Add Payouts to Existing Bulk Records",""
"failed","Mon Feb 26 10:23:20 GMT 2024","Mon Feb 26 10:23:21 GMT 2024","190","Bills","Upload Bill Supporting Documents","","","","Upload Bill Supporting Documents - unknown file format",""
"passed","Mon Feb 26 10:23:28 GMT 2024","Mon Feb 26 10:23:29 GMT 2024","249","Settings","User Roles Management Copy","","","","Get Role",""
"passed","Mon Feb 26 10:23:23 GMT 2024","Mon Feb 26 10:23:24 GMT 2024","153","Bills","Sync Bills From Codat","","","","Sync Bills From Codat",""
"passed","Mon Feb 26 10:23:41 GMT 2024","Mon Feb 26 10:23:41 GMT 2024","123","Payout","Schedule payment","","","","Empty Duration Field - Schedule payment",""
"passed","Mon Feb 26 10:22:15 GMT 2024","Mon Feb 26 10:22:15 GMT 2024","232","Business","Bank Accounts","Update Bank Account","","","With Empty Fields - Update Bank Account",""
"failed","Mon Feb 26 10:23:17 GMT 2024","Mon Feb 26 10:23:17 GMT 2024","115","Bills","Create Bill","","","","Create Bill - invalid initiator_id",""
"passed","Mon Feb 26 10:23:25 GMT 2024","Mon Feb 26 10:23:25 GMT 2024","142","Settings","Compliance Document","Get Business Compliance Documents","","","Empty Business Type ID - Get Business Compliance Documents",""
"passed","Mon Feb 26 10:23:32 GMT 2024","Mon Feb 26 10:23:33 GMT 2024","294","Settings","Webhook","","","","Update webhook",""
"failed","Mon Feb 26 10:23:13 GMT 2024","Mon Feb 26 10:23:14 GMT 2024","348","Bills","Add default billings","","","","Add default billings - Invalid fixed fee_failed",""
"passed","Mon Feb 26 10:22:50 GMT 2024","Mon Feb 26 10:22:50 GMT 2024","184","Invoice","Update Invoice Payment Status","","","","Invalid Invoice ID - Update Invoice Payment Status",""
"passed","Mon Feb 26 10:23:09 GMT 2024","Mon Feb 26 10:23:09 GMT 2024","156","Bills","Create business billing","","","","Send Money fee - invalid band fees",""
"passed","Mon Feb 26 10:23:28 GMT 2024","Mon Feb 26 10:23:28 GMT 2024","219","Settings","User Roles Management Copy","","","","Get Roles",""
"passed","Mon Feb 26 10:23:26 GMT 2024","Mon Feb 26 10:23:27 GMT 2024","88","Settings","Approval Workflow Engine Copy","","","","Create Approval Workflow Scheduled  Payout",""
"passed","Mon Feb 26 10:23:27 GMT 2024","Mon Feb 26 10:23:27 GMT 2024","84","Settings","Approval Workflow Engine Copy","","","","Create Approval Workflow Bills",""
"passed","Mon Feb 26 10:22:54 GMT 2024","Mon Feb 26 10:22:54 GMT 2024","122","Virtual Accounts","Create Account","","","","Empty Business ID- Create Account",""
"passed","Mon Feb 26 10:22:25 GMT 2024","Mon Feb 26 10:22:25 GMT 2024","137","Business","Wallets","Get Wallets","","","Without Business ID - Get Wallets",""
"passed","Mon Feb 26 10:22:11 GMT 2024","Mon Feb 26 10:22:12 GMT 2024","736","Overview","Withdraw","","","","Successful - Withdraw",""
"passed","Mon Feb 26 10:23:16 GMT 2024","Mon Feb 26 10:23:16 GMT 2024","116","Bills","Add default billings","","","","Add default billings - Invalid Auth token",""
"passed","Mon Feb 26 10:23:31 GMT 2024","Mon Feb 26 10:23:32 GMT 2024","169","Settings","Compliance Document","","","","get business compliance documents",""
"passed","Mon Feb 26 10:23:29 GMT 2024","Mon Feb 26 10:23:29 GMT 2024","192","Settings","User Management","","","","Create User",""
"passed","Mon Feb 26 10:22:17 GMT 2024","Mon Feb 26 10:22:17 GMT 2024","363","Business","Utilities","Verify Account Number","","","Successful - Verify Account Number",""
"passed","Mon Feb 26 10:23:33 GMT 2024","Mon Feb 26 10:23:33 GMT 2024","174","Settings","Preferences","Create Business Preference","","","Successful - Create business preference",""
"passed","Mon Feb 26 10:23:38 GMT 2024","Mon Feb 26 10:23:38 GMT 2024","159","Payout","Add Payouts to Existing Bulk Records","","","","Empty Account Name- Add Payouts to Existing Bulk Records",""
"passed","Mon Feb 26 10:23:38 GMT 2024","Mon Feb 26 10:23:39 GMT 2024","127","Payout","Add Payouts to Existing Bulk Records","","","","Empty Email Field- Add Payouts to Existing Bulk Records",""
"passed","Mon Feb 26 10:22:40 GMT 2024","Mon Feb 26 10:22:40 GMT 2024","364","Expense Management","Get Expense Account Summary","","","","Successfully - Get Expense Accounts Summary",""
"passed","Mon Feb 26 10:22:32 GMT 2024","Mon Feb 26 10:22:32 GMT 2024","146","Transactions","Get Transactions","","","","Invalid Transaction Ref - Get transaction",""
"passed","Mon Feb 26 10:22:42 GMT 2024","Mon Feb 26 10:22:42 GMT 2024","131","Customers","Create Customers","","","","Empty Fields - Create Customer",""
"failed","Mon Feb 26 10:23:17 GMT 2024","Mon Feb 26 10:23:17 GMT 2024","116","Bills","Create Bill","","","","Create Bill - no business_id",""
"passed","Mon Feb 26 10:23:42 GMT 2024","Mon Feb 26 10:23:42 GMT 2024","185","Payout","fetch bulk payouts","","","","fetch bulk payouts",""
"passed","Mon Feb 26 10:23:30 GMT 2024","Mon Feb 26 10:23:30 GMT 2024","201","Settings","Api Key","","","","Update Api Key Details",""
"passed","Mon Feb 26 10:23:42 GMT 2024","Mon Feb 26 10:23:42 GMT 2024","107","Payout","Add bulk recipients for payout","","","","Add bulk recipients for payout Copy",""
"passed","Mon Feb 26 10:22:36 GMT 2024","Mon Feb 26 10:22:36 GMT 2024","133","Expense Management","Create Expense Account","","","","Empty Fields- Create Expense Account",""
"passed","Mon Feb 26 10:22:14 GMT 2024","Mon Feb 26 10:22:14 GMT 2024","216","Business","Bank Accounts","Create Bank Account","","","Already Existing Bank Account - Create Bank Account",""
"passed","Mon Feb 26 10:22:51 GMT 2024","Mon Feb 26 10:22:51 GMT 2024","341","Invoice","Vendor Invoice","Fetch Vendor Invoices","","","Successful - Fetch Vendor Invoices",""
"passed","Mon Feb 26 10:23:33 GMT 2024","Mon Feb 26 10:23:33 GMT 2024","149","Settings","Preferences","Create Business Preference","","","Empty Fields - Create Business Preference",""
"failed","Mon Feb 26 10:23:18 GMT 2024","Mon Feb 26 10:23:18 GMT 2024","112","Bills","Edit Bill","","","","Edit Bill - successful",""
"passed","Mon Feb 26 10:23:30 GMT 2024","Mon Feb 26 10:23:31 GMT 2024","211","Settings","Api Key","","","","Delete Api key",""
"passed","Mon Feb 26 10:22:59 GMT 2024","Mon Feb 26 10:22:59 GMT 2024","293","Profile","Profile","Change Password","","","Invalid Password - Change Password","change password"
"passed","Mon Feb 26 10:22:52 GMT 2024","Mon Feb 26 10:22:52 GMT 2024","140","Invoice","Vendor Invoice","Invoice Approval","","","Invalid Invoice Number - Invoice Approval",""
"failed","Mon Feb 26 10:23:08 GMT 2024","Mon Feb 26 10:23:08 GMT 2024","257","Approvals","","","","","Approvals-No Auth Key",""
"passed","Mon Feb 26 10:22:08 GMT 2024","Mon Feb 26 10:22:08 GMT 2024","144","Authentication","Resend email verification","","","","Already Verified Email -Resend Email Verification",""
"passed","Mon Feb 26 10:22:16 GMT 2024","Mon Feb 26 10:22:16 GMT 2024","273","Business","Bank Accounts","Delete Bank Account","","","Successful - Delete bank account",""
"passed","Mon Feb 26 10:23:34 GMT 2024","Mon Feb 26 10:23:35 GMT 2024","196","Settings","Preferences","Delete Business Preference","","","Invalid Preference ID - Delete business preference",""
"passed","Mon Feb 26 10:22:58 GMT 2024","Mon Feb 26 10:22:58 GMT 2024","115","Profile","Profile","Update Profile","","","Empty User ID Field - Update Profile Copy 2","As an authenticated user(merchant) you can update your profile"
"passed","Mon Feb 26 10:22:08 GMT 2024","Mon Feb 26 10:22:09 GMT 2024","396","Authentication","signin - staging","","","","Invalid Password - Signin",""
"passed","Mon Feb 26 10:22:44 GMT 2024","Mon Feb 26 10:22:44 GMT 2024","155","Customers","Add Wallet To Customer","","","","Invalid Business ID - Add Wallet to Customer",""
"passed","Mon Feb 26 10:23:36 GMT 2024","Mon Feb 26 10:23:36 GMT 2024","205","Settings","","","","","Delete Business",""
"passed","Mon Feb 26 10:23:32 GMT 2024","Mon Feb 26 10:23:32 GMT 2024","154","Settings","Compliance Document","","","","delete compliance document",""
"passed","Mon Feb 26 10:23:29 GMT 2024","Mon Feb 26 10:23:29 GMT 2024","191","Settings","User Management","","","","Resend User Verification Email",""
"failed","Mon Feb 26 10:23:06 GMT 2024","Mon Feb 26 10:23:07 GMT 2024","230","Recipients","Recipient search","","","","recipients search-No Auth token key",""
"passed","Mon Feb 26 10:22:50 GMT 2024","Mon Feb 26 10:22:51 GMT 2024","136","Invoice","Vendor Invoice","Save Invoice From Vendor Portal","","","Empty Vendor Ref Field - Save invoice from vendor portal",""
"passed","Mon Feb 26 10:23:36 GMT 2024","Mon Feb 26 10:23:36 GMT 2024","127","Settings","","","","","Update Business",""
"passed","Mon Feb 26 10:23:43 GMT 2024","Mon Feb 26 10:23:43 GMT 2024","272","Payout","Bulk Payout Summary","","","","Successful - Bulk Payout Summary",""
"passed","Mon Feb 26 10:23:45 GMT 2024","Mon Feb 26 10:23:45 GMT 2024","124","Payout","edit bulk payout","","","","Empty Email Field - Edit Bulk Payout",""
"passed","Mon Feb 26 10:22:48 GMT 2024","Mon Feb 26 10:22:48 GMT 2024","172","Invoice","Edit Draft Invoice","","","","Invalid Recipient- Edit Draft Invoice Copy",""
"failed","Mon Feb 26 10:23:06 GMT 2024","Mon Feb 26 10:23:06 GMT 2024","176","Recipients","Recipient search","","","","recipients search-Successful",""
"failed","Mon Feb 26 10:22:57 GMT 2024","Mon Feb 26 10:22:58 GMT 2024","395","Profile","Profile","Update Profile","","","Existing Phone Number - Update Profile","As an authenticated user(merchant) you can update your profile"
"failed","Mon Feb 26 10:22:35 GMT 2024","Mon Feb 26 10:22:36 GMT 2024","756","Expense Management","Create Expense Account","","","","Without Managers - Create Expense Account",""
"passed","Mon Feb 26 10:22:32 GMT 2024","Mon Feb 26 10:22:33 GMT 2024","753","Transactions","Download Transactions","","","","Successful - Download transaction",""
"passed","Mon Feb 26 10:22:17 GMT 2024","Mon Feb 26 10:22:19 GMT 2024","1768","Business","Utilities","Verify Account Number","","","Invalid Bank Code - Verify Account Number",""
"passed","Mon Feb 26 10:22:47 GMT 2024","Mon Feb 26 10:22:47 GMT 2024","241","Invoice","Fetch Invoice By Public ID","","","","Invalid Public ID - Fetch Invoice By Public ID Copy",""
"passed","Mon Feb 26 10:23:39 GMT 2024","Mon Feb 26 10:23:40 GMT 2024","409","Payout","Schedule payment","","","","Schedule payment",""
"passed","Mon Feb 26 10:22:56 GMT 2024","Mon Feb 26 10:22:56 GMT 2024","143","Virtual Accounts","Update Account","","","","Invalid Email - Update Account",""
"passed","Mon Feb 26 10:22:44 GMT 2024","Mon Feb 26 10:22:44 GMT 2024","148","Customers","Add Wallet To Customer","","","","Invalid Customer Ref - Add Wallet to Customer -",""
"passed","Mon Feb 26 10:22:53 GMT 2024","Mon Feb 26 10:22:53 GMT 2024","135","Invoice","Vendor Invoice","Fetch Single Invoice","","","Invalid Invoice Number - Fetch Single Invoice",""
"passed","Mon Feb 26 10:23:29 GMT 2024","Mon Feb 26 10:23:29 GMT 2024","219","Settings","User Management","","","","Update User Details",""
"passed","Mon Feb 26 10:23:36 GMT 2024","Mon Feb 26 10:23:37 GMT 2024","351","Settings","","","","","enable business portal",""
"passed","Mon Feb 26 10:22:07 GMT 2024","Mon Feb 26 10:22:07 GMT 2024","165","Authentication","Sign-up","","","","Existing Business Name - Sign-up",""
"passed","Mon Feb 26 10:23:08 GMT 2024","Mon Feb 26 10:23:08 GMT 2024","131","Approvals","","","","","Approvals-Empty type field",""
"passed","Mon Feb 26 10:22:12 GMT 2024","Mon Feb 26 10:22:13 GMT 2024","378","Overview","Withdraw","","","","Invalid Business ID - Withdraw",""
"passed","Mon Feb 26 10:22:48 GMT 2024","Mon Feb 26 10:22:48 GMT 2024","148","Invoice","Resend Invoice","","","","Invalid Invoice ID - Resend Invoice",""
"passed","Mon Feb 26 10:23:38 GMT 2024","Mon Feb 26 10:23:38 GMT 2024","129","Payout","Add Payouts to Existing Bulk Records","","","","Empty Account Number Field- Add Payouts to Existing Bulk Records",""
"failed","Mon Feb 26 10:23:13 GMT 2024","Mon Feb 26 10:23:13 GMT 2024","289","Bills","Edit  business billing","","","","Successful Edit business billing_failed",""
"passed","Mon Feb 26 10:23:19 GMT 2024","Mon Feb 26 10:23:20 GMT 2024","333","Bills","Pay Bill","","","","Pay Bill Twice - should this be a problem?",""
"passed","Mon Feb 26 10:23:24 GMT 2024","Mon Feb 26 10:23:24 GMT 2024","157","Bills","Get Last Bill Sync Time","","","","Get Last Bill Sync Time - no time found",""
"passed","Mon Feb 26 10:23:45 GMT 2024","Mon Feb 26 10:23:45 GMT 2024","145","Payout","Process Bulk Payout","","","","Empty Batch Payout Ref Field - Process Bulk Payout",""
"passed","Mon Feb 26 10:22:07 GMT 2024","Mon Feb 26 10:22:07 GMT 2024","133","Authentication","Sign-up","","","","With Empty Fields - Sign-up",""
"passed","Mon Feb 26 10:23:29 GMT 2024","Mon Feb 26 10:23:29 GMT 2024","216","Settings","User Management","","","","Get Users",""
"passed","Mon Feb 26 10:23:12 GMT 2024","Mon Feb 26 10:23:12 GMT 2024","111","Bills","Get business billing","","","","Get business billing - Invalid Auth Token",""
"passed","Mon Feb 26 10:22:51 GMT 2024","Mon Feb 26 10:22:51 GMT 2024","134","Invoice","Vendor Invoice","Save Invoice From Vendor Portal","","","Empty Invoice Number Field - Save invoice from vendor portal",""
"passed","Mon Feb 26 10:22:45 GMT 2024","Mon Feb 26 10:22:45 GMT 2024","133","Customers","Update Customer","","","","Empty Fields - Update Customer",""
"passed","Mon Feb 26 10:23:35 GMT 2024","Mon Feb 26 10:23:35 GMT 2024","136","Settings","Custom Payout","Add Custom Payout","","","Empty Business ID Field - Add Custom Payout",""
"passed","Mon Feb 26 10:22:26 GMT 2024","Mon Feb 26 10:22:26 GMT 2024","243","Business","Wallets","P2P Transfer","","","Empty Receiver Field - P2P Transfer",""
"passed","Mon Feb 26 10:23:04 GMT 2024","Mon Feb 26 10:23:04 GMT 2024","121","Recipients","Add recipient","","","","add recipient-Empty Phone number",""
"failed","Mon Feb 26 10:23:18 GMT 2024","Mon Feb 26 10:23:18 GMT 2024","113","Bills","Edit Bill","","","","Edit Bill - no amount",""
"passed","Mon Feb 26 10:23:38 GMT 2024","Mon Feb 26 10:23:38 GMT 2024","134","Payout","Add Payouts to Existing Bulk Records","","","","Empty Batch Payout Ref- Add Payouts to Existing Bulk Records",""
"passed","Mon Feb 26 10:22:42 GMT 2024","Mon Feb 26 10:22:43 GMT 2024","133","Customers","Create Customers","","","","Invalid Phone Number - Create Customer",""
"failed","Mon Feb 26 10:23:11 GMT 2024","Mon Feb 26 10:23:11 GMT 2024","269","Bills","Get business billing","","","","Get business billing - Invalid business ID",""
"failed","Mon Feb 26 10:23:18 GMT 2024","Mon Feb 26 10:23:18 GMT 2024","118","Bills","Create Bill","","","","Create Bill - business_id not a UUID",""
"passed","Mon Feb 26 10:23:07 GMT 2024","Mon Feb 26 10:23:08 GMT 2024","381","Approvals","","","","","Approvals",""
"passed","Mon Feb 26 10:23:06 GMT 2024","Mon Feb 26 10:23:06 GMT 2024","111","Recipients","Recipient summary","","","","recipients summary-Invalid Auth Key",""
"failed","Mon Feb 26 10:22:47 GMT 2024","Mon Feb 26 10:22:47 GMT 2024","173","Invoice","Edit Draft Invoice","","","","Successful - Edit Draft Invoice",""
"passed","Mon Feb 26 10:23:36 GMT 2024","Mon Feb 26 10:23:36 GMT 2024","136","Settings","Custom Payout","Fetch Custom Payout","","","Empty Business ID Field - Fetch Custom Payout",""
"passed","Mon Feb 26 10:22:51 GMT 2024","Mon Feb 26 10:22:51 GMT 2024","142","Invoice","Vendor Invoice","Fetch Vendor Invoices","","","Without Start Date - Fetch Vendor Invoices",""
"passed","Mon Feb 26 10:22:52 GMT 2024","Mon Feb 26 10:22:52 GMT 2024","134","Invoice","Vendor Invoice","Invoice Approval","","","Invalid Vendor Ref - Invoice Approval",""
"passed","Mon Feb 26 10:23:34 GMT 2024","Mon Feb 26 10:23:34 GMT 2024","143","Settings","Preferences","Get business Preferences","","","Empty Business ID Field - Get business Preferences",""
"passed","Mon Feb 26 10:22:21 GMT 2024","Mon Feb 26 10:22:21 GMT 2024","220","Business","Utilities","Create Business","","","With Empty Fields - Create Business",""
"passed","Mon Feb 26 10:23:04 GMT 2024","Mon Feb 26 10:23:04 GMT 2024","121","Recipients","Add recipient","","","","add recipient-Empty business id",""
"passed","Mon Feb 26 10:22:50 GMT 2024","Mon Feb 26 10:22:50 GMT 2024","134","Invoice","Vendor Invoice","Save Invoice From Vendor Portal","","","Empty Invoice Date Field - Save invoice from vendor portal",""
"failed","Mon Feb 26 10:23:34 GMT 2024","Mon Feb 26 10:23:34 GMT 2024","191","Settings","Preferences","Delete Business Preference","","","Successful - Delete Business Preference",""
"passed","Mon Feb 26 10:22:11 GMT 2024","Mon Feb 26 10:22:11 GMT 2024","258","Overview","Fund account","","","","Invalid Business ID - Fund account",""
"failed","Mon Feb 26 10:23:23 GMT 2024","Mon Feb 26 10:23:23 GMT 2024","167","Bills","Fetch Bills By Recipient","","","","Fetch Bills - Invalid Business ID",""
"passed","Mon Feb 26 10:23:27 GMT 2024","Mon Feb 26 10:23:27 GMT 2024","91","Settings","Approval Workflow Engine Copy","","","","Upload supporting Documents",""
"passed","Mon Feb 26 10:23:31 GMT 2024","Mon Feb 26 10:23:31 GMT 2024","153","Settings","Compliance Document","","","","get business type",""
"failed","Mon Feb 26 10:23:05 GMT 2024","Mon Feb 26 10:23:05 GMT 2024","222","Recipients","Fetch Recipients","","","","fetch recipients-No Auth Key",""
"passed","Mon Feb 26 10:22:57 GMT 2024","Mon Feb 26 10:22:57 GMT 2024","148","Virtual Accounts","Delete Account","","","","Invalid Account ID - Delete Account",""
"failed","Mon Feb 26 10:22:39 GMT 2024","Mon Feb 26 10:22:40 GMT 2024","346","Expense Management","Deactivate Expense account","","","","Deactivate Expense Account - Successful",""
"passed","Mon Feb 26 10:22:09 GMT 2024","Mon Feb 26 10:22:09 GMT 2024","134","Authentication","signin - staging","","","","Empty Email - Signin",""
"passed","Mon Feb 26 10:23:26 GMT 2024","Mon Feb 26 10:23:26 GMT 2024","82","Settings","Approval Workflow Engine Copy","","","","Fetch Approval Workflows By Business ID",""
"passed","Mon Feb 26 10:23:06 GMT 2024","Mon Feb 26 10:23:06 GMT 2024","131","Recipients","Recipient search","","","","recipients search-Empty account name field",""
"failed","Mon Feb 26 10:23:09 GMT 2024","Mon Feb 26 10:23:09 GMT 2024","189","Bills","Create business billing","","","","Business does not exist",""
"passed","Mon Feb 26 10:23:27 GMT 2024","Mon Feb 26 10:23:27 GMT 2024","81","Settings","Approval Workflow Engine Copy","","","","Fetch Single Approval Workflow By User",""
"passed","Mon Feb 26 10:22:29 GMT 2024","Mon Feb 26 10:22:30 GMT 2024","902","Transactions","List Transactions","","","","By Status - List Transactions",""
"passed","Mon Feb 26 10:22:46 GMT 2024","Mon Feb 26 10:22:46 GMT 2024","143","Invoice","Create Invoice","","","","Without Recipient - Create Invoice",""
"passed","Mon Feb 26 10:23:43 GMT 2024","Mon Feb 26 10:23:43 GMT 2024","172","Payout","fetch bulk payout list","","","","Invalid Batch Payout Ref - Fetch Bulk Payout List",""
"passed","Mon Feb 26 10:22:09 GMT 2024","Mon Feb 26 10:22:09 GMT 2024","129","Authentication","signin - staging","","","","Invalid Email - Signin",""
"passed","Mon Feb 26 10:23:04 GMT 2024","Mon Feb 26 10:23:04 GMT 2024","124","Recipients","Add recipient","","","","add recipient-Empty Company name",""
"passed","Mon Feb 26 10:23:37 GMT 2024","Mon Feb 26 10:23:37 GMT 2024","151","Settings","","","","","Reactivate business",""
"passed","Mon Feb 26 10:23:25 GMT 2024","Mon Feb 26 10:23:25 GMT 2024","175","Settings","Compliance Document","Get Industries","","","Successful - Get Industries",""
"passed","Mon Feb 26 10:22:43 GMT 2024","Mon Feb 26 10:22:43 GMT 2024","195","Customers","Fetch Customer","","","","Successful - Fetch Customer",""
"passed","Mon Feb 26 10:23:16 GMT 2024","Mon Feb 26 10:23:16 GMT 2024","347","Bills","Add default billings","","","","Add default billings - successful",""
"passed","Mon Feb 26 10:23:22 GMT 2024","Mon Feb 26 10:23:22 GMT 2024","401","Bills","Fetch Bills By Recipient","","","","Fetch Bills By Recipient",""
"passed","Mon Feb 26 10:23:26 GMT 2024","Mon Feb 26 10:23:26 GMT 2024","82","Settings","Approval Workflow Engine Copy","","","","Create Policy",""
"passed","Mon Feb 26 10:23:04 GMT 2024","Mon Feb 26 10:23:04 GMT 2024","122","Recipients","Add recipient","","","","add recipient-Empty Primary contact",""
"passed","Mon Feb 26 10:23:29 GMT 2024","Mon Feb 26 10:23:30 GMT 2024","227","Settings","User Management","","","","Activate User",""
"failed","Mon Feb 26 10:23:18 GMT 2024","Mon Feb 26 10:23:18 GMT 2024","116","Bills","Create Bill","","","","Create Bill - Invalid Auth Key",""
"passed","Mon Feb 26 10:22:49 GMT 2024","Mon Feb 26 10:22:49 GMT 2024","297","Invoice","Send Invoice Reminder","","","","Successful - Send Invoice Reminder",""
"passed","Mon Feb 26 10:22:25 GMT 2024","Mon Feb 26 10:22:25 GMT 2024","219","Business","Wallets","Get Wallets","","","Successful - Get Wallets",""
"passed","Mon Feb 26 10:23:31 GMT 2024","Mon Feb 26 10:23:31 GMT 2024","158","Settings","Compliance Document","","","","get documents",""
"passed","Mon Feb 26 10:22:21 GMT 2024","Mon Feb 26 10:22:22 GMT 2024","245","Business","Utilities","Create Business","","","Existing Trading Name - Create Business",""
"passed","Mon Feb 26 10:22:36 GMT 2024","Mon Feb 26 10:22:36 GMT 2024","141","Expense Management","Create Expense Account","","","","Invalid Business ID - Create Expense Account",""
"passed","Mon Feb 26 10:22:55 GMT 2024","Mon Feb 26 10:22:56 GMT 2024","331","Virtual Accounts","Update Account","","","","Successful - Update Account",""
"passed","Mon Feb 26 10:23:30 GMT 2024","Mon Feb 26 10:23:30 GMT 2024","286","Settings","Api Key","","","","Create api key",""
"passed","Mon Feb 26 10:22:56 GMT 2024","Mon Feb 26 10:22:56 GMT 2024","123","Virtual Accounts","Update Account","","","","Empty Email Field - Update Account",""
"passed","Mon Feb 26 10:22:43 GMT 2024","Mon Feb 26 10:22:43 GMT 2024","335","Customers","Fetch Customers","","","","Successful - Fetch Customers",""
"passed","Mon Feb 26 10:23:49 GMT 2024","Mon Feb 26 10:23:49 GMT 2024","664","Notifications","Verify OTP","","","","Successful - Verify OTP",""
"failed","Mon Feb 26 10:22:09 GMT 2024","Mon Feb 26 10:22:09 GMT 2024","175","Request Account Activation","","","","","Successful - Request Account Activation",""
"failed","Mon Feb 26 10:23:21 GMT 2024","Mon Feb 26 10:23:21 GMT 2024","427","Bills","Fetch Bills","","","","Fetch Bills",""
"passed","Mon Feb 26 10:22:49 GMT 2024","Mon Feb 26 10:22:49 GMT 2024","153","Invoice","Send Invoice Reminder","","","","Invalid Endpoint - Send Invoice Reminder",""
"passed","Mon Feb 26 10:23:44 GMT 2024","Mon Feb 26 10:23:44 GMT 2024","127","Payout","edit bulk payout","","","","Empty Bank code - Edit Bulk Payout",""
"passed","Mon Feb 26 10:22:12 GMT 2024","Mon Feb 26 10:22:12 GMT 2024","186","Overview","Withdraw","","","","Invalid Amount - Withdraw",""
"passed","Mon Feb 26 10:23:46 GMT 2024","Mon Feb 26 10:23:46 GMT 2024","124","Notifications","Send Email Notification","","","","Empty Receiver Email Field - Send Email Notification",""
"passed","Mon Feb 26 10:22:20 GMT 2024","Mon Feb 26 10:22:21 GMT 2024","1386","Business","Utilities","Create Business","","","Successful - Create Business",""
"failed","Mon Feb 26 10:23:24 GMT 2024","Mon Feb 26 10:23:24 GMT 2024","163","Bills","Fetch Bill Transactions","","","","Fetch Bill Transactions successfully_we need a transaction",""
"passed","Mon Feb 26 10:23:47 GMT 2024","Mon Feb 26 10:23:47 GMT 2024","131","Notifications","Send sms notification","","","","Empty Message Field - Send sms notification",""
"passed","Mon Feb 26 10:22:45 GMT 2024","Mon Feb 26 10:22:46 GMT 2024","742","Invoice","Create Invoice","","","","Successful - Create Invoice",""
"passed","Mon Feb 26 10:22:10 GMT 2024","Mon Feb 26 10:22:10 GMT 2024","130","Request Account Activation","","","","","Empty Merchant ID Field - Request Account Activation",""
"passed","Mon Feb 26 10:22:54 GMT 2024","Mon Feb 26 10:22:54 GMT 2024","241","Virtual Accounts","Create Account","","","","Invalid Business ID - Create Account",""
"passed","Mon Feb 26 10:23:26 GMT 2024","Mon Feb 26 10:23:26 GMT 2024","81","Settings","Approval Workflow Engine Copy","","","","Fetch Policy Types",""
"passed","Mon Feb 26 10:23:35 GMT 2024","Mon Feb 26 10:23:36 GMT 2024","153","Settings","Custom Payout","Fetch Custom Payout","","","Successful - Fetch Custom Payout",""
"passed","Mon Feb 26 10:22:40 GMT 2024","Mon Feb 26 10:22:40 GMT 2024","124","Expense Management","Get Expense Account Summary","","","","Invalid  Business ID- Get Expense Accounts Summary",""
"passed","Mon Feb 26 10:23:01 GMT 2024","Mon Feb 26 10:23:01 GMT 2024","214","Profile","2FA","Disable 2fa","","","Successful - Disable 2fa",""
"passed","Mon Feb 26 10:22:46 GMT 2024","Mon Feb 26 10:22:46 GMT 2024","123","Invoice","Create Invoice","","","","Without Items Properties - Create Invoice Copy",""
"failed","Mon Feb 26 10:23:11 GMT 2024","Mon Feb 26 10:23:12 GMT 2024","249","Bills","Get business billing","","","","Get business billing - No Auth Key",""
"failed","Mon Feb 26 10:22:56 GMT 2024","Mon Feb 26 10:22:56 GMT 2024","140","Virtual Accounts","Delete Account","","","","Successful - Delete Account",""
"passed","Mon Feb 26 10:23:47 GMT 2024","Mon Feb 26 10:23:47 GMT 2024","124","Notifications","Send sms notification","","","","Successful - Send sms notification",""
"passed","Mon Feb 26 10:22:15 GMT 2024","Mon Feb 26 10:22:15 GMT 2024","147","Business","Bank Accounts","Update Bank Account","","","Invalid Business ID - Update bank account",""
"passed","Mon Feb 26 10:23:03 GMT 2024","Mon Feb 26 10:23:03 GMT 2024","123","Recipients","Add recipient","","","","add recipient-Empty account name field",""
"passed","Mon Feb 26 10:22:19 GMT 2024","Mon Feb 26 10:22:19 GMT 2024","226","Business","Utilities","Get Business","","","Successful - Get Business",""
"passed","Mon Feb 26 10:23:48 GMT 2024","Mon Feb 26 10:23:49 GMT 2024","609","Notifications","Send otp notification","","","","Invalid Phone Number Field - Send otp notification",""
"passed","Mon Feb 26 10:23:00 GMT 2024","Mon Feb 26 10:23:00 GMT 2024","147","Profile","2FA","Setup 2FA","","","Empty Email Field - Setup 2FA",""
"passed","Mon Feb 26 10:22:54 GMT 2024","Mon Feb 26 10:22:55 GMT 2024","153","Virtual Accounts","Get Account","","","","Invalid Account Ref - Get Account",""
"failed","Mon Feb 26 10:22:08 GMT 2024","Mon Feb 26 10:22:08 GMT 2024","129","Authentication","Resend email verification","","","","Successful - Resend Email Verification",""
"passed","Mon Feb 26 10:22:07 GMT 2024","Mon Feb 26 10:22:08 GMT 2024","156","Authentication","Sign-up","","","","Existing Phone Number - Sign-up",""
"failed","Mon Feb 26 10:23:10 GMT 2024","Mon Feb 26 10:23:11 GMT 2024","302","Bills","Create business billing","","","","Send Money fee - negative band values_failed",""
"passed","Mon Feb 26 10:23:05 GMT 2024","Mon Feb 26 10:23:05 GMT 2024","112","Recipients","Fetch Recipients","","","","fetch recipients-Invalid Auth Key",""
"failed","Mon Feb 26 10:23:18 GMT 2024","Mon Feb 26 10:23:18 GMT 2024","117","Bills","Create Bill","","","","Create Bill- No invoice or due date",""
"failed","Mon Feb 26 10:23:39 GMT 2024","Mon Feb 26 10:23:39 GMT 2024","303","Payout","Request OTP for Payout","","","","Successful - Request OTP for Payout",""
"failed","Mon Feb 26 10:22:36 GMT 2024","Mon Feb 26 10:22:37 GMT 2024","674","Expense Management","Create Expense Account","","","","Without Monthly Budget - Create Expense Account",""
"failed","Mon Feb 26 10:23:15 GMT 2024","Mon Feb 26 10:23:16 GMT 2024","411","Bills","Add default billings","","","","Add default billings - No Auth Key",""
"passed","Mon Feb 26 10:23:28 GMT 2024","Mon Feb 26 10:23:28 GMT 2024","253","Settings","User Roles Management Copy","","","","Deactivate Role",""
"passed","Mon Feb 26 10:23:31 GMT 2024","Mon Feb 26 10:23:31 GMT 2024","162","Settings","Api Key","","","","Get business api keys",""
"passed","Mon Feb 26 10:22:07 GMT 2024","Mon Feb 26 10:22:07 GMT 2024","203","Authentication","Sign-up","","","","Existing Email - Sign-up",""
"failed","Mon Feb 26 10:22:33 GMT 2024","Mon Feb 26 10:22:33 GMT 2024","400","Transactions","Download Transactions","","","","With Invalid Email - Download transaction",""
"passed","Mon Feb 26 10:22:29 GMT 2024","Mon Feb 26 10:22:29 GMT 2024","539","Transactions","List Transactions","","","","By Type - List Transactions",""
"passed","Mon Feb 26 10:22:15 GMT 2024","Mon Feb 26 10:22:15 GMT 2024","189","Business","Bank Accounts","Get Bank Account","","","With Invalid ID - Get Bank Account",""
"passed","Mon Feb 26 10:23:44 GMT 2024","Mon Feb 26 10:23:44 GMT 2024","123","Payout","edit bulk payout","","","","Empty Account number Field - Edit Bulk Payout",""
"passed","Mon Feb 26 10:23:47 GMT 2024","Mon Feb 26 10:23:48 GMT 2024","729","Notifications","Send otp notification","","","","Successful - Send otp notification",""
"passed","Mon Feb 26 10:23:23 GMT 2024","Mon Feb 26 10:23:23 GMT 2024","203","Bills","Fetch Bills By User ID","","","","Fetch Bills By User ID - duplicate_no_tests_needed",""
"passed","Mon Feb 26 10:23:39 GMT 2024","Mon Feb 26 10:23:39 GMT 2024","134","Payout","Add Payouts to Existing Bulk Records","","","","Empty Amount Field- Add Payouts to Existing Bulk Records",""
"failed","Mon Feb 26 10:23:07 GMT 2024","Mon Feb 26 10:23:07 GMT 2024","223","Recipients","Delete recipient","","","","delete recipient-Successful",""
"failed","Mon Feb 26 10:23:18 GMT 2024","Mon Feb 26 10:23:19 GMT 2024","114","Bills","Edit Bill","","","","Edit Bill - negative amount",""
"passed","Mon Feb 26 10:23:46 GMT 2024","Mon Feb 26 10:23:47 GMT 2024","188","Notifications","Send Slack Notification","","","","Empty Message Field - Send Slack Notification",""
"passed","Mon Feb 26 10:22:53 GMT 2024","Mon Feb 26 10:22:53 GMT 2024","140","Invoice","Vendor Invoice","Fetch Single Invoice","","","Invalid Business ID - Fetch Single Invoice",""
"passed","Mon Feb 26 10:22:56 GMT 2024","Mon Feb 26 10:22:56 GMT 2024","148","Virtual Accounts","Update Account","","","","Invalid Business ID - Update Account",""
"failed","Mon Feb 26 10:23:20 GMT 2024","Mon Feb 26 10:23:20 GMT 2024","225","Bills","Pay Bill","","","","Pay Bill - invalid amount",""
"passed","Mon Feb 26 10:22:22 GMT 2024","Mon Feb 26 10:22:22 GMT 2024","216","Business","Utilities","Create Business","","","Invalid BVN - Create Business",""
"failed","Mon Feb 26 10:22:43 GMT 2024","Mon Feb 26 10:22:44 GMT 2024","172","Customers","Add Wallet To Customer","","","","Successful - Add Wallet to Customer",""
"passed","Mon Feb 26 10:22:51 GMT 2024","Mon Feb 26 10:22:51 GMT 2024","142","Invoice","Vendor Invoice","Fetch Vendor Invoices","","","Without End Date - Fetch Vendor Invoices",""
"failed","Mon Feb 26 10:23:22 GMT 2024","Mon Feb 26 10:23:23 GMT 2024","349","Bills","Fetch Bills By Recipient","","","","Fetch Bills - Invalid recipient",""
"passed","Mon Feb 26 10:22:56 GMT 2024","Mon Feb 26 10:22:56 GMT 2024","127","Virtual Accounts","Update Account","","","","Empty Business ID Field - Update Account",""
"passed","Mon Feb 26 10:23:42 GMT 2024","Mon Feb 26 10:23:42 GMT 2024","126","Payout","fetch bulk payouts","","","","empty Business ID Field - Fetch Bulk Payouts",""
"passed","Mon Feb 26 10:23:09 GMT 2024","Mon Feb 26 10:23:10 GMT 2024","159","Bills","Create business billing","","","","Send Money fee - invalid percentage values",""
"passed","Mon Feb 26 10:23:26 GMT 2024","Mon Feb 26 10:23:26 GMT 2024","82","Settings","Approval Workflow Engine Copy","","","","Create Policy Types",""
"passed","Mon Feb 26 10:22:17 GMT 2024","Mon Feb 26 10:22:17 GMT 2024","113","Business","Utilities","Verify Account Number","","","Invalid Account Number - Verify Account Number",""
"passed","Mon Feb 26 10:23:39 GMT 2024","Mon Feb 26 10:23:39 GMT 2024","128","Payout","Request OTP for Payout","","","","Empty Business Id Field - Request OTP for Payout",""
"failed","Mon Feb 26 10:23:13 GMT 2024","Mon Feb 26 10:23:13 GMT 2024","347","Bills","Add default billings","","","","Add default billings - invalid fee structure_failed",""
"passed","Mon Feb 26 10:23:31 GMT 2024","Mon Feb 26 10:23:31 GMT 2024","131","Settings","Compliance Document","","","","add documents",""
"failed","Mon Feb 26 10:23:11 GMT 2024","Mon Feb 26 10:23:11 GMT 2024","192","Bills","Get business billing","","","","Get business billing - Successful",""
"passed","Mon Feb 26 10:23:09 GMT 2024","Mon Feb 26 10:23:09 GMT 2024","153","Bills","Create business billing","","","","Wallet Issuance fee - invalid fixed fee",""
"passed","Mon Feb 26 10:22:42 GMT 2024","Mon Feb 26 10:22:42 GMT 2024","151","Customers","Create Customers","","","","Invalid Email- Create Customer",""
"failed","Mon Feb 26 10:23:02 GMT 2024","Mon Feb 26 10:23:02 GMT 2024","626","Recipients","Add recipient","","","","add recipient-Successful",""
"failed","Mon Feb 26 10:22:51 GMT 2024","Mon Feb 26 10:22:52 GMT 2024","364","Invoice","Vendor Invoice","Invoice Approval","","","Invoice Approval",""
"failed","Mon Feb 26 10:23:17 GMT 2024","Mon Feb 26 10:23:18 GMT 2024","112","Bills","Create Bill","","","","Create Bill - no description",""
"passed","Mon Feb 26 10:23:09 GMT 2024","Mon Feb 26 10:23:09 GMT 2024","162","Bills","Create business billing","","","","Wallet Issuance fee - invalid feeStructure",""
"passed","Mon Feb 26 10:22:45 GMT 2024","Mon Feb 26 10:22:45 GMT 2024","130","Customers","Update Customer","","","","Invalid Email - Update Customer",""
"passed","Mon Feb 26 10:22:09 GMT 2024","Mon Feb 26 10:22:09 GMT 2024","133","Authentication","signin - staging","","","","Empty Password - Signin",""
"passed","Mon Feb 26 10:23:01 GMT 2024","Mon Feb 26 10:23:01 GMT 2024","286","Profile","2FA","Disable 2fa","","","Invalid Code - Disable 2fa",""
"passed","Mon Feb 26 10:23:41 GMT 2024","Mon Feb 26 10:23:41 GMT 2024","125","Payout","Schedule payment","","","","Empty Amount Field - Schedule payment",""
"failed","Mon Feb 26 10:23:14 GMT 2024","Mon Feb 26 10:23:14 GMT 2024","357","Bills","Add default billings","","","","Add default billings - percentage greater than zero",""
"passed","Mon Feb 26 10:22:49 GMT 2024","Mon Feb 26 10:22:50 GMT 2024","277","Invoice","Update Invoice Payment Status","","","","Update Invoice Payment Status",""
"passed","Mon Feb 26 10:23:50 GMT 2024","Mon Feb 26 10:23:50 GMT 2024","158","Signout","","","","","Signout",""
"passed","Mon Feb 26 10:23:31 GMT 2024","Mon Feb 26 10:23:31 GMT 2024","153","Settings","Compliance Document","","","","get industries",""
"passed","Mon Feb 26 10:23:50 GMT 2024","Mon Feb 26 10:23:50 GMT 2024","125","Notifications","Verify OTP","","","","Empty OTP Field - Verify OTP",""
"failed","Mon Feb 26 10:22:48 GMT 2024","Mon Feb 26 10:22:48 GMT 2024","289","Invoice","Resend Invoice","","","","Resend Invoice",""
"passed","Mon Feb 26 10:23:25 GMT 2024","Mon Feb 26 10:23:25 GMT 2024","135","Settings","Compliance Document","Get Business Compliance Documents","","","Empty Industry ID - Get Business Compliance Documents",""
"failed","Mon Feb 26 10:23:35 GMT 2024","Mon Feb 26 10:23:35 GMT 2024","218","Settings","Custom Payout","Add Custom Payout","","","Invalid Business ID  - Add Custom Payout",""
"failed","Mon Feb 26 10:23:17 GMT 2024","Mon Feb 26 10:23:17 GMT 2024","113","Bills","Create Bill","","","","Create Bill - initiator_id does not exist",""
"passed","Mon Feb 26 10:22:59 GMT 2024","Mon Feb 26 10:22:59 GMT 2024","151","Profile","Profile","Change Password","","","Empty New Password Field- Change Password Copy","change password"
"passed","Mon Feb 26 10:23:04 GMT 2024","Mon Feb 26 10:23:04 GMT 2024","109","Recipients","Add recipient","","","","add recipient-Invalid Auth Key",""
"passed","Mon Feb 26 10:23:32 GMT 2024","Mon Feb 26 10:23:32 GMT 2024","203","Settings","Webhook","","","","Create webhook",""
"passed","Mon Feb 26 10:23:14 GMT 2024","Mon Feb 26 10:23:14 GMT 2024","159","Bills","Add default billings","","","","Add default billings - Invalid percentage values",""
"passed","Mon Feb 26 10:22:47 GMT 2024","Mon Feb 26 10:22:47 GMT 2024","166","Invoice","Edit Draft Invoice","","","","Invalid Invoice Number - Edit Draft Invoice",""
"passed","Mon Feb 26 10:23:07 GMT 2024","Mon Feb 26 10:23:07 GMT 2024","235","Recipients","Delete recipient","","","","delete recipient-Already deleted recipient",""
"passed","Mon Feb 26 10:22:33 GMT 2024","Mon Feb 26 10:22:33 GMT 2024","133","Transactions","Download Transactions","","","","Empty Email Field - Download transaction",""
"passed","Mon Feb 26 10:22:08 GMT 2024","Mon Feb 26 10:22:08 GMT 2024","446","Authentication","signin - staging","","","","Successful -Signin",""
"passed","Mon Feb 26 10:22:55 GMT 2024","Mon Feb 26 10:22:55 GMT 2024","185","Virtual Accounts","Get Providers","","","","Invalid Business ID - Get Providers",""
"failed","Mon Feb 26 10:23:18 GMT 2024","Mon Feb 26 10:23:18 GMT 2024","112","Bills","Create Bill","","","","Create Bill - No Auth key",""
"passed","Mon Feb 26 10:23:44 GMT 2024","Mon Feb 26 10:23:45 GMT 2024","126","Payout","edit bulk payout","","","","Empty Account Name Field - Edit Bulk Payout",""
"passed","Mon Feb 26 10:23:37 GMT 2024","Mon Feb 26 10:23:38 GMT 2024","249","Payout","Add Payouts to Existing Bulk Records","","","","Successful - Add Payouts to Existing Bulk Records",""
"passed","Mon Feb 26 10:22:29 GMT 2024","Mon Feb 26 10:22:29 GMT 2024","303","Transactions","List Transactions","","","","By Amount - List Transactions",""
"passed","Mon Feb 26 10:22:26 GMT 2024","Mon Feb 26 10:22:27 GMT 2024","201","Business","Wallets","P2P Transfer","","","Empty Business ID Field - P2P Transfer",""
"passed","Mon Feb 26 10:23:46 GMT 2024","Mon Feb 26 10:23:46 GMT 2024","145","Payout","delete bulk payout","","","","Empty Payout ID Field - Delete Bulk Payout",""
"passed","Mon Feb 26 10:23:49 GMT 2024","Mon Feb 26 10:23:50 GMT 2024","121","Notifications","Verify OTP","","","","Empty Phone Number Field - Verify OTP",""
"failed","Mon Feb 26 10:23:19 GMT 2024","Mon Feb 26 10:23:19 GMT 2024","115","Bills","Edit Bill","","","","Edit Bill - incorrect vendor",""
"passed","Mon Feb 26 10:22:58 GMT 2024","Mon Feb 26 10:22:59 GMT 2024","151","Profile","Profile","Change Password","","","Invalid Email - Change Password","change password"
"passed","Mon Feb 26 10:23:32 GMT 2024","Mon Feb 26 10:23:32 GMT 2024","246","Settings","Webhook","","","","Get webhook",""
"passed","Mon Feb 26 10:23:43 GMT 2024","Mon Feb 26 10:23:43 GMT 2024","268","Payout","Bulk Payout Summary","","","","Invalid Business ID - Bulk Payout Summary",""
"failed","Mon Feb 26 10:23:20 GMT 2024","Mon Feb 26 10:23:20 GMT 2024","310","Bills","Pay Bill","","","","Pay Bill - no payment date",""
"failed","Mon Feb 26 10:23:12 GMT 2024","Mon Feb 26 10:23:12 GMT 2024","153","Bills","Edit  business billing","","","","edit  business billing-Empty business id",""
"passed","Mon Feb 26 10:23:42 GMT 2024","Mon Feb 26 10:23:43 GMT 2024","292","Payout","fetch bulk payout list","","","","Successful - Fetch Bulk Payout List",""
"passed","Mon Feb 26 10:22:13 GMT 2024","Mon Feb 26 10:22:13 GMT 2024","677","Business","Bank Accounts","Create Bank Account","","","Successful - Create Bank Account",""
"failed","Mon Feb 26 10:22:07 GMT 2024","Mon Feb 26 10:22:07 GMT 2024","328","Authentication","Sign-up","","","","Successful - Sign-up",""
"passed","Mon Feb 26 10:22:14 GMT 2024","Mon Feb 26 10:22:15 GMT 2024","635","Business","Bank Accounts","Update Bank Account","","","Successful - Update Bank Account",""
"failed","Mon Feb 26 10:23:22 GMT 2024","Mon Feb 26 10:23:22 GMT 2024","117","Bills","Fetch Bills","","","","Fetch Bills - Invalid Auth Key",""
"failed","Mon Feb 26 10:23:20 GMT 2024","Mon Feb 26 10:23:20 GMT 2024","249","Bills","Pay Bill","","","","Pay Bill - wrong amount",""
"failed","Mon Feb 26 10:22:46 GMT 2024","Mon Feb 26 10:22:46 GMT 2024","140","Invoice","Create Invoice","","","","Without Tax Properties - Create Invoice Copy",""
"passed","Mon Feb 26 10:23:06 GMT 2024","Mon Feb 26 10:23:06 GMT 2024","124","Recipients","Recipient search","","","","recipients search-Empty business id field",""
"passed","Mon Feb 26 10:23:14 GMT 2024","Mon Feb 26 10:23:14 GMT 2024","174","Bills","Add default billings","","","","Add default billings - Invalid band fees",""
"passed","Mon Feb 26 10:22:10 GMT 2024","Mon Feb 26 10:22:10 GMT 2024","168","Request Account Activation","","","","","Invalid Business ID - Request Account Activation -",""
"passed","Mon Feb 26 10:22:11 GMT 2024","Mon Feb 26 10:22:11 GMT 2024","124","Overview","Fund account","","","","Empty First Name Field - Fund account",""
"passed","Mon Feb 26 10:22:16 GMT 2024","Mon Feb 26 10:22:16 GMT 2024","210","Business","Bank Accounts","Delete Bank Account","","","Invalid ID - Delete bank account",""
"passed","Mon Feb 26 10:22:38 GMT 2024","Mon Feb 26 10:22:39 GMT 2024","497","Expense Management","List Expense Account","","","","Successful - List Expense Accounts",""
"passed","Mon Feb 26 10:23:01 GMT 2024","Mon Feb 26 10:23:01 GMT 2024","309","Profile","2FA","Disable 2fa","","","Invalid Email - Disable 2fa",""
"failed","Mon Feb 26 10:23:06 GMT 2024","Mon Feb 26 10:23:06 GMT 2024","227","Recipients","Recipient summary","","","","recipients summary-No Auth Key",""
"passed","Mon Feb 26 10:22:48 GMT 2024","Mon Feb 26 10:22:49 GMT 2024","338","Invoice","Fetch Business Invoices","","","","Successful - Fetch Business Invoices",""
"passed","Mon Feb 26 10:23:00 GMT 2024","Mon Feb 26 10:23:00 GMT 2024","235","Profile","2FA","Verify 2fa Setup","","","Invalid Email - Verify 2fa Setup",""
"failed","Mon Feb 26 10:23:11 GMT 2024","Mon Feb 26 10:23:11 GMT 2024","161","Bills","Create business billing","","","","Create business billing - successful",""
"passed","Mon Feb 26 10:23:40 GMT 2024","Mon Feb 26 10:23:40 GMT 2024","300","Payout","Schedule payment","","","","Empty Recipient Ref Field - Schedule payment",""
"passed","Mon Feb 26 10:22:35 GMT 2024","Mon Feb 26 10:22:35 GMT 2024","294","Expense Management","Create Expense Account","","","","Existing Alias - Create Expense Account",""
"failed","Mon Feb 26 10:23:10 GMT 2024","Mon Feb 26 10:23:10 GMT 2024","321","Bills","Create business billing","","","","Send Money fee - percentage value greater than 100_failed",""
"passed","Mon Feb 26 10:23:07 GMT 2024","Mon Feb 26 10:23:07 GMT 2024","123","Recipients","Verify vendor email","","","","Verify vendor email",""
"passed","Mon Feb 26 10:22:43 GMT 2024","Mon Feb 26 10:22:43 GMT 2024","172","Customers","Fetch Customers","","","","Invalid Business ID - Fetch Customers",""
"failed","Mon Feb 26 10:23:08 GMT 2024","Mon Feb 26 10:23:08 GMT 2024","146","Approvals","","","","","Approvals-Invalid business id",""
"passed","Mon Feb 26 10:22:50 GMT 2024","Mon Feb 26 10:22:50 GMT 2024","135","Invoice","Vendor Invoice","Save Invoice From Vendor Portal","","","Empty Amount Field - Save invoice from vendor portal",""
"passed","Mon Feb 26 10:22:12 GMT 2024","Mon Feb 26 10:22:12 GMT 2024","155","Overview","Withdraw","","","","Invalid Account Number - Withdraw",""
"failed","Mon Feb 26 10:23:19 GMT 2024","Mon Feb 26 10:23:19 GMT 2024","116","Bills","Edit Bill","","","","Edit Bill - business_id does not exist_failed",""
"passed","Mon Feb 26 10:23:03 GMT 2024","Mon Feb 26 10:23:04 GMT 2024","129","Recipients","Add recipient","","","","add recipient- Empty email",""
"passed","Mon Feb 26 10:23:42 GMT 2024","Mon Feb 26 10:23:42 GMT 2024","129","Payout","Add bulk recipients for payout","","","","Without Business ID - Add bulk recipients for payout",""
"failed","Mon Feb 26 10:23:19 GMT 2024","Mon Feb 26 10:23:19 GMT 2024","119","Bills","Pay Bill","","","","Pay Bill",""
"passed","Mon Feb 26 10:22:16 GMT 2024","Mon Feb 26 10:22:16 GMT 2024","151","Business","Bank Accounts","Get Bank Accounts","","","With Invalid ID - Get Bank Accounts",""
"passed","Mon Feb 26 10:22:22 GMT 2024","Mon Feb 26 10:22:22 GMT 2024","221","Business","Utilities","Businesses","","","Successful - Businesses",""
"passed","Mon Feb 26 10:22:24 GMT 2024","Mon Feb 26 10:22:24 GMT 2024","129","Business","Wallets","Create Wallet","","","Empty Business ID Field - Create Wallet Copy",""
"passed","Mon Feb 26 10:23:33 GMT 2024","Mon Feb 26 10:23:34 GMT 2024","170","Settings","Preferences","Get business Preferences","","","Successful - Get Business Preferences",""
"passed","Mon Feb 26 10:22:14 GMT 2024","Mon Feb 26 10:22:14 GMT 2024","146","Business","Bank Accounts","Create Bank Account","","","Invalid Business Account Number - Create Bank",""
"failed","Mon Feb 26 10:23:12 GMT 2024","Mon Feb 26 10:23:12 GMT 2024","228","Bills","Edit  business billing","","","","Edit  business billing - No Auth Key",""
"passed","Mon Feb 26 10:22:47 GMT 2024","Mon Feb 26 10:22:47 GMT 2024","122","Invoice","Edit Draft Invoice","","","","Without Due Date - Edit Draft Invoice",""
"passed","Mon Feb 26 10:23:07 GMT 2024","Mon Feb 26 10:23:07 GMT 2024","111","Recipients","Recipient search","","","","recipients search-Invalid Auth token key",""
"passed","Mon Feb 26 10:23:05 GMT 2024","Mon Feb 26 10:23:05 GMT 2024","240","Recipients","Recipient summary","","","","recipients summary",""
"passed","Mon Feb 26 10:22:13 GMT 2024","Mon Feb 26 10:22:14 GMT 2024","156","Business","Bank Accounts","Create Bank Account","","","Empty Fields - Create Bank Account",""
"passed","Mon Feb 26 10:22:38 GMT 2024","Mon Feb 26 10:22:38 GMT 2024","121","Expense Management","Edit Expense Account","","","","Without Monthly Budget - Edit Expense Account",""
"passed","Mon Feb 26 10:23:41 GMT 2024","Mon Feb 26 10:23:41 GMT 2024","126","Payout","Schedule payment","","","","Empty Start Date Field - Schedule payment",""
"passed","Mon Feb 26 10:23:41 GMT 2024","Mon Feb 26 10:23:41 GMT 2024","129","Payout","Schedule payment","","","","Empty Frequency Field - Schedule payment",""
"passed","Mon Feb 26 10:23:48 GMT 2024","Mon Feb 26 10:23:48 GMT 2024","123","Notifications","Send otp notification","","","","Empty Phone Number Field - Send otp notification",""
"passed","Mon Feb 26 10:23:03 GMT 2024","Mon Feb 26 10:23:03 GMT 2024","130","Recipients","Add recipient","","","","add recipient- Empty bank code field",""
"passed","Mon Feb 26 10:23:30 GMT 2024","Mon Feb 26 10:23:30 GMT 2024","152","Settings","Api Key","","","","Get api key",""
"passed","Mon Feb 26 10:22:54 GMT 2024","Mon Feb 26 10:22:54 GMT 2024","129","Virtual Accounts","Create Account","","","","Invalid Email - Create Account",""
"passed","Mon Feb 26 10:23:02 GMT 2024","Mon Feb 26 10:23:03 GMT 2024","546","Recipients","Add recipient","","","","add recipient- With already used details",""
"passed","Mon Feb 26 10:22:27 GMT 2024","Mon Feb 26 10:22:27 GMT 2024","187","Business","Wallets","Sweep/Bulk Customer to Master transfer","","","Invalid Business ID - Sweep/Bulk Customer to Master transfer",""
"passed","Mon Feb 26 10:22:51 GMT 2024","Mon Feb 26 10:22:51 GMT 2024","150","Invoice","Vendor Invoice","Save Invoice From Vendor Portal","","","Existing Invoice Number - Save invoice from vendor portal",""
"passed","Mon Feb 26 10:22:22 GMT 2024","Mon Feb 26 10:22:22 GMT 2024","259","Business","Utilities","Create Business","","","Existing Legal Business Name - Create Business",""
"passed","Mon Feb 26 10:22:59 GMT 2024","Mon Feb 26 10:23:00 GMT 2024","408","Profile","2FA","Setup 2FA","","","Successful - Setup 2fa",""
"passed","Mon Feb 26 10:23:26 GMT 2024","Mon Feb 26 10:23:26 GMT 2024","337","Settings","Approval Workflow Engine Copy","","","","Health",""
"passed","Mon Feb 26 10:22:16 GMT 2024","Mon Feb 26 10:22:17 GMT 2024","356","Business","Utilities","Banks","","","Successful - List Banks",""
"passed","Mon Feb 26 10:23:34 GMT 2024","Mon Feb 26 10:23:34 GMT 2024","214","Settings","Preferences","Update Business Preference","","","Invalid  Email  - Update Business Preference",""
"failed","Mon Feb 26 10:23:16 GMT 2024","Mon Feb 26 10:23:16 GMT 2024","119","Bills","Create Bill","","","","Create Bill - no vendor ref",""
"passed","Mon Feb 26 10:22:14 GMT 2024","Mon Feb 26 10:22:14 GMT 2024","156","Business","Bank Accounts","Create Bank Account","","","Invalid Business ID - Create Bank",""
"failed","Mon Feb 26 10:22:27 GMT 2024","Mon Feb 26 10:22:27 GMT 2024","240","Business","Wallets","Get Master Wallet Balance","","","Successful - Get Master Wallet Balance",""
"failed","Mon Feb 26 10:23:23 GMT 2024","Mon Feb 26 10:23:23 GMT 2024","157","Bills","Fetch Single Bill","","","","Fetch Single Bill by workflow - invalid workflow ID",""
"passed","Mon Feb 26 10:23:27 GMT 2024","Mon Feb 26 10:23:27 GMT 2024","85","Settings","Approval Workflow Engine Copy","","","","Create Approval Workflow Bulk  Payout",""
"passed","Mon Feb 26 10:23:01 GMT 2024","Mon Feb 26 10:23:02 GMT 2024","269","Profile","Get Merchant","","","","Get merchant",""
"failed","Mon Feb 26 10:23:36 GMT 2024","Mon Feb 26 10:23:36 GMT 2024","112","Settings","Update Business Logo","","","","Successful - Update Business Logo",""
"passed","Mon Feb 26 10:22:53 GMT 2024","Mon Feb 26 10:22:54 GMT 2024","123","Virtual Accounts","Create Account","","","","Empty Email Field - Create Account",""
"passed","Mon Feb 26 10:22:44 GMT 2024","Mon Feb 26 10:22:45 GMT 2024","146","Customers","Update Customer","","","","Invalid Customer Ref - Update Customer",""
"passed","Mon Feb 26 10:22:49 GMT 2024","Mon Feb 26 10:22:49 GMT 2024","122","Invoice","Fetch Business Invoices","","","","Invalid Business ID - Fetch Business Invoices",""
"passed","Mon Feb 26 10:23:44 GMT 2024","Mon Feb 26 10:23:44 GMT 2024","518","Payout","edit bulk payout","","","","Successful - Edit Bulk Payout",""
"passed","Mon Feb 26 10:23:24 GMT 2024","Mon Feb 26 10:23:24 GMT 2024","211","Bills","Bills Webhook","","","","Bills Webhook - need more information",""
"passed","Mon Feb 26 10:23:27 GMT 2024","Mon Feb 26 10:23:27 GMT 2024","81","Settings","Approval Workflow Engine Copy","","","","Process Approval Workflow",""
"passed","Mon Feb 26 10:22:38 GMT 2024","Mon Feb 26 10:22:38 GMT 2024","397","Expense Management","Edit Expense Account","","","","Allow Payout When Limit is Exceeded - Edit Expense Account",""
"failed","Mon Feb 26 10:23:17 GMT 2024","Mon Feb 26 10:23:17 GMT 2024","114","Bills","Create Bill","","","","Create Bill - negative amount",""
"passed","Mon Feb 26 10:22:43 GMT 2024","Mon Feb 26 10:22:43 GMT 2024","152","Customers","Fetch Customer","","","","Invalid Business ID - Fetch Customer",""
"passed","Mon Feb 26 10:22:26 GMT 2024","Mon Feb 26 10:22:26 GMT 2024","237","Business","Wallets","P2P Transfer","","","Empty Description Field - P2P Transfer",""
"passed","Mon Feb 26 10:22:46 GMT 2024","Mon Feb 26 10:22:46 GMT 2024","124","Invoice","Create Invoice","","","","Without Due Date - Create Invoice",""
"passed","Mon Feb 26 10:22:57 GMT 2024","Mon Feb 26 10:22:57 GMT 2024","112","Profile","Profile","Update Profile","","","Empty User ID Field - Update Profile","As an authenticated user(merchant) you can update your profile"
"passed","Mon Feb 26 10:22:11 GMT 2024","Mon Feb 26 10:22:11 GMT 2024","127","Overview","Fund account","","","","Invalid Email - Fund account",""
"passed","Mon Feb 26 10:23:46 GMT 2024","Mon Feb 26 10:23:46 GMT 2024","125","Notifications","Send Slack Notification","","","","Successful - Send Slack Notification",""
"passed","Mon Feb 26 10:22:47 GMT 2024","Mon Feb 26 10:22:48 GMT 2024","140","Invoice","Edit Draft Invoice","","","","Invalid Business ID - Edit Draft Invoice",""
"passed","Mon Feb 26 10:22:17 GMT 2024","Mon Feb 26 10:22:17 GMT 2024","209","Business","Utilities","Banks","","","Without Country - List banks",""
"passed","Mon Feb 26 10:23:34 GMT 2024","Mon Feb 26 10:23:34 GMT 2024","149","Settings","Preferences","Update Business Preference","","","Empty Email Field - Update Business Preference",""
"passed","Mon Feb 26 10:22:16 GMT 2024","Mon Feb 26 10:22:16 GMT 2024","171","Business","Bank Accounts","Get Bank Accounts","","","Successful - Get Bank Accounts",""
"passed","Mon Feb 26 10:22:31 GMT 2024","Mon Feb 26 10:22:31 GMT 2024","216","Transactions","List Transactions","","","","By Date - List Transactions",""
"passed","Mon Feb 26 10:22:10 GMT 2024","Mon Feb 26 10:22:10 GMT 2024","133","Request Account Activation","","","","","Empty Business ID Field - Request Account Activation",""
"passed","Mon Feb 26 10:23:08 GMT 2024","Mon Feb 26 10:23:08 GMT 2024","133","Approvals","","","","","Approvals- Empty Business id",""
"passed","Mon Feb 26 10:22:22 GMT 2024","Mon Feb 26 10:22:22 GMT 2024","231","Business","Utilities","Create Business","","","Invalid NIMC - Create Business",""
"passed","Mon Feb 26 10:23:04 GMT 2024","Mon Feb 26 10:23:05 GMT 2024","181","Recipients","Fetch Recipients","","","","fetch recipients",""
"passed","Mon Feb 26 10:23:08 GMT 2024","Mon Feb 26 10:23:09 GMT 2024","113","Approvals","","","","","Approvals-Invalid Auth key",""
"passed","Mon Feb 26 10:22:40 GMT 2024","Mon Feb 26 10:22:42 GMT 2024","1799","Customers","Create Customers","","","","Successful - Create Customer",""
"passed","Mon Feb 26 10:23:01 GMT 2024","Mon Feb 26 10:23:01 GMT 2024","150","Profile","2FA","Verify 2fa Setup","","","Empty Code  Field- Verify 2fa Setup",""
"failed","Mon Feb 26 10:22:23 GMT 2024","Mon Feb 26 10:22:24 GMT 2024","572","Business","Wallets","Create Wallet","","","Successful - Create Wallet",""
"passed","Mon Feb 26 10:23:41 GMT 2024","Mon Feb 26 10:23:41 GMT 2024","146","Payout","Process scheduled payments","","","","Empty payment date field - Proccess Scheduled Payments",""
"failed","Mon Feb 26 10:23:12 GMT 2024","Mon Feb 26 10:23:12 GMT 2024","257","Bills","Edit  business billing","","","","Edit  business billing - invalid billing id",""
"passed","Mon Feb 26 10:23:09 GMT 2024","Mon Feb 26 10:23:09 GMT 2024","187","Bills","Create business billing","","","","Send money fee - invalid feeStructure field",""
"passed","Mon Feb 26 10:23:23 GMT 2024","Mon Feb 26 10:23:23 GMT 2024","163","Bills","Fetch Single Bill","","","","Fetch Single Bill by workflow - success",""
"passed","Mon Feb 26 10:23:30 GMT 2024","Mon Feb 26 10:23:30 GMT 2024","147","Settings","Api Key","","","","Regenerate api key",""
"passed","Mon Feb 26 10:23:27 GMT 2024","Mon Feb 26 10:23:27 GMT 2024","83","Settings","Approval Workflow Engine Copy","","","","Fetch Approval Workflows By User",""
"passed","Mon Feb 26 10:23:27 GMT 2024","Mon Feb 26 10:23:28 GMT 2024","249","Settings","User Roles Management Copy","","","","Create User Role",""
"passed","Mon Feb 26 10:23:08 GMT 2024","Mon Feb 26 10:23:08 GMT 2024","132","Approvals","","","","","Approvals-Empty Initiator field",""
"passed","Mon Feb 26 10:22:50 GMT 2024","Mon Feb 26 10:22:50 GMT 2024","268","Invoice","Vendor Invoice","Save Invoice From Vendor Portal","","","Successful - Save invoice from vendor portal",""
"passed","Mon Feb 26 10:22:24 GMT 2024","Mon Feb 26 10:22:25 GMT 2024","130","Business","Wallets","Create Wallet","","","Empty Lastname Field - Create Wallet Copy",""
"failed","Mon Feb 26 10:23:42 GMT 2024","Mon Feb 26 10:23:42 GMT 2024","112","Payout","Add bulk recipients for payout","","","","Successful - Add bulk recipients for payout",""
"failed","Mon Feb 26 10:23:34 GMT 2024","Mon Feb 26 10:23:34 GMT 2024","210","Settings","Preferences","Update Business Preference","","","Successful - Update Business Preference",""
"passed","Mon Feb 26 10:22:54 GMT 2024","Mon Feb 26 10:22:54 GMT 2024","131","Virtual Accounts","Create Account","","","","Empty Fields - Create Account",""
"passed","Mon Feb 26 10:23:46 GMT 2024","Mon Feb 26 10:23:46 GMT 2024","142","Payout","delete bulk payout","","","","Empty Batch Payout Ref Field- Delete Bulk Payout",""
"passed","Mon Feb 26 10:22:32 GMT 2024","Mon Feb 26 10:22:32 GMT 2024","146","Transactions","Get Transactions","","","","Invalid Business ID - Get transaction",""
"passed","Mon Feb 26 10:22:39 GMT 2024","Mon Feb 26 10:22:39 GMT 2024","134","Expense Management","List Expense Account","","","","Invalid Business ID - List Expense Accounts",""
"failed","Mon Feb 26 10:23:04 GMT 2024","Mon Feb 26 10:23:04 GMT 2024","219","Recipients","Add recipient","","","","add recipient-No Auth Key",""
"passed","Mon Feb 26 10:22:55 GMT 2024","Mon Feb 26 10:22:55 GMT 2024","174","Virtual Accounts","Get Accounts","","","","Successful - Get Accounts",""
"failed","Mon Feb 26 10:23:24 GMT 2024","Mon Feb 26 10:23:24 GMT 2024","156","Bills","Fetch Bill Transactions","","","","Fetch Bill Transactions - bill does not exist",""
"passed","Mon Feb 26 10:22:46 GMT 2024","Mon Feb 26 10:22:47 GMT 2024","191","Invoice","Fetch Invoice By Public ID","","","","Successful - Fetch Invoice By Public ID",""
"failed","Mon Feb 26 10:22:27 GMT 2024","Mon Feb 26 10:22:27 GMT 2024","279","Business","Wallets","Sweep/Bulk Customer to Master transfer","","","Successful - Sweep/Bulk Customer to Master transfer",""
"passed","Mon Feb 26 10:23:25 GMT 2024","Mon Feb 26 10:23:25 GMT 2024","218","Settings","Compliance Document","Get Business Compliance Documents","","","Successful - Get Business Compliance Documents",""
"passed","Mon Feb 26 10:22:15 GMT 2024","Mon Feb 26 10:22:15 GMT 2024","173","Business","Bank Accounts","Get Bank Account","","","Successful - Get Bank Account",""
"passed","Mon Feb 26 10:22:37 GMT 2024","Mon Feb 26 10:22:38 GMT 2024","374","Expense Management","Edit Expense Account","","","","Successful - Edit Expense Account",""
"failed","Mon Feb 26 10:23:14 GMT 2024","Mon Feb 26 10:23:15 GMT 2024","342","Bills","Add default billings","","","","Add default billings - negative percentage value_failed",""
"failed","Mon Feb 26 10:23:18 GMT 2024","Mon Feb 26 10:23:18 GMT 2024","119","Bills","Create Bill","","","","Create Bill - successful",""
"passed","Mon Feb 26 10:23:24 GMT 2024","Mon Feb 26 10:23:25 GMT 2024","157","Settings","Compliance Document","Get Documents","","","Successful - Get Documents",""
"passed","Mon Feb 26 10:22:27 GMT 2024","Mon Feb 26 10:22:29 GMT 2024","1124","Transactions","List Transactions","","","","Successful - List Transactions",""
"passed","Mon Feb 26 10:22:39 GMT 2024","Mon Feb 26 10:22:39 GMT 2024","131","Expense Management","Fetch Expense Account Details","","","","Non existing Expense Account - Fetch Expense Account Detaiis",""
"passed","Mon Feb 26 10:23:38 GMT 2024","Mon Feb 26 10:23:38 GMT 2024","130","Payout","Add Payouts to Existing Bulk Records","","","","Invalid Date - Add Payouts to Existing Bulk Records",""
"passed","Mon Feb 26 10:22:31 GMT 2024","Mon Feb 26 10:22:31 GMT 2024","263","Transactions","List Transactions","","","","By Page and Limit - List Transactions",""
"passed","Mon Feb 26 10:23:44 GMT 2024","Mon Feb 26 10:23:44 GMT 2024","126","Payout","edit bulk payout","","","","Empty Payout ID Field - Edit Bulk Payout",""
"passed","Mon Feb 26 10:23:26 GMT 2024","Mon Feb 26 10:23:26 GMT 2024","81","Settings","Approval Workflow Engine Copy","","","","Create Approval Workflow Single Imediate Payout",""
"passed","Mon Feb 26 10:22:44 GMT 2024","Mon Feb 26 10:22:44 GMT 2024","628","Customers","Update Customer","","","","Successful - Update Customer",""
"passed","Mon Feb 26 10:22:55 GMT 2024","Mon Feb 26 10:22:55 GMT 2024","253","Virtual Accounts","Get Providers","","","","Successful - Get Providers",""
"passed","Mon Feb 26 10:22:53 GMT 2024","Mon Feb 26 10:22:53 GMT 2024","576","Virtual Accounts","Create Account","","","","Create Account",""
"passed","Mon Feb 26 10:23:45 GMT 2024","Mon Feb 26 10:23:45 GMT 2024","169","Payout","Process Bulk Payout","","","","Successful - Process Bulk Payout",""
"passed","Mon Feb 26 10:22:26 GMT 2024","Mon Feb 26 10:22:26 GMT 2024","235","Business","Wallets","P2P Transfer","","","Empty Sender Field - P2P Transfer",""
"passed","Mon Feb 26 10:23:39 GMT 2024","Mon Feb 26 10:23:39 GMT 2024","194","Payout","Request OTP for Payout","","","","Invalid Business Id  - Request OTP for Payout",""
"passed","Mon Feb 26 10:22:39 GMT 2024","Mon Feb 26 10:22:39 GMT 2024","335","Expense Management","Fetch Expense Account Details","","","","Successful - Fetch Expense Account Details",""
"passed","Mon Feb 26 10:22:11 GMT 2024","Mon Feb 26 10:22:11 GMT 2024","129","Overview","Fund account","","","","Empty Last Name Field - Fund account",""
"passed","Mon Feb 26 10:23:24 GMT 2024","Mon Feb 26 10:23:24 GMT 2024","144","Settings","Compliance Document","Add documents","","","Add documents - no documents",""
"passed","Mon Feb 26 10:23:47 GMT 2024","Mon Feb 26 10:23:47 GMT 2024","168","Notifications","Send Slack Notification","","","","Empty Channel Field - Send slack notification",""
"passed","Mon Feb 26 10:22:08 GMT 2024","Mon Feb 26 10:22:08 GMT 2024","131","Authentication","Resend email verification","","","","Invalid email - Resend email verification",""
"passed","Mon Feb 26 10:23:27 GMT 2024","Mon Feb 26 10:23:27 GMT 2024","82","Settings","Approval Workflow Engine Copy","","","","Edit Policy",""
"passed","Mon Feb 26 10:22:31 GMT 2024","Mon Feb 26 10:22:31 GMT 2024","168","Transactions","List Transactions","","","","By Non-existing amount - List Transactions",""
"passed","Mon Feb 26 10:22:23 GMT 2024","Mon Feb 26 10:22:23 GMT 2024","256","Business","Utilities","Switch Business Display Status","","","With Invalid ID - Switch Business Display Status",""
"failed","Mon Feb 26 10:23:49 GMT 2024","Mon Feb 26 10:23:49 GMT 2024","132","Notifications","Verify OTP","","","","Invalid OTP - Verify OTP Copy",""
"passed","Mon Feb 26 10:22:52 GMT 2024","Mon Feb 26 10:22:53 GMT 2024","141","Invoice","Vendor Invoice","Fetch Single Invoice","","","Successful - Fetch Single Invoice",""
"passed","Mon Feb 26 10:23:40 GMT 2024","Mon Feb 26 10:23:40 GMT 2024","125","Payout","Schedule payment","","","","Empty Business ID Field- Schedule payment",""
"failed","Mon Feb 26 10:22:25 GMT 2024","Mon Feb 26 10:22:25 GMT 2024","283","Business","Wallets","P2P Transfer","","","Successful - P2P Transfer",""
"failed","Mon Feb 26 10:23:45 GMT 2024","Mon Feb 26 10:23:46 GMT 2024","163","Payout","delete bulk payout","","","","Already Deleted Bulk Payout - Delete Bulk Payout Copy",""
"passed","Mon Feb 26 10:23:47 GMT 2024","Mon Feb 26 10:23:47 GMT 2024","125","Notifications","Send sms notification","","","","Empty Receiver Field - Send sms notification Copy",""
"failed","Mon Feb 26 10:22:09 GMT 2024","Mon Feb 26 10:22:10 GMT 2024","188","Request Account Activation","","","","","Invalid Merchant ID - Request Account Activation",""
"passed","Mon Feb 26 10:22:45 GMT 2024","Mon Feb 26 10:22:45 GMT 2024","151","Customers","Update Customer","","","","Invalid Business ID - Update Customer",""
"passed","Mon Feb 26 10:23:25 GMT 2024","Mon Feb 26 10:23:25 GMT 2024","162","Settings","Compliance Document","Get Business Type","","","Successful - Get Business Type",""
"passed","Mon Feb 26 10:22:39 GMT 2024","Mon Feb 26 10:22:39 GMT 2024","299","Expense Management","Deactivate Expense account","","","","Already Deactivated Expense Account - Deactivate Expense Account",""
"passed","Mon Feb 26 10:23:38 GMT 2024","Mon Feb 26 10:23:38 GMT 2024","126","Payout","Add Payouts to Existing Bulk Records","","","","Invalid Business ID - Add Payouts to Existing Bulk Records",""
"passed","Mon Feb 26 10:23:21 GMT 2024","Mon Feb 26 10:23:21 GMT 2024","193","Bills","Fetch Bills","","","","Fetch Bills - Empty business_id",""
"passed","Mon Feb 26 10:22:24 GMT 2024","Mon Feb 26 10:22:24 GMT 2024","134","Business","Wallets","Create Wallet","","","Empty Lastname Field - Create Wallet",""
"passed","Mon Feb 26 10:23:26 GMT 2024","Mon Feb 26 10:23:26 GMT 2024","80","Settings","Approval Workflow Engine Copy","","","","Fetch Policies By Business ID",""
"passed","Mon Feb 26 10:22:58 GMT 2024","Mon Feb 26 10:22:58 GMT 2024","504","Profile","Profile","Change Password","","","Successful - Change Password","change password"
"passed","Mon Feb 26 10:22:57 GMT 2024","Mon Feb 26 10:22:57 GMT 2024","147","Virtual Accounts","Delete Account","","","","Invalid Business ID - Delete Account",""
"passed","Mon Feb 26 10:22:54 GMT 2024","Mon Feb 26 10:22:54 GMT 2024","133","Virtual Accounts","Create Account","","","","Empty Firstname - Create Account Copy",""
"passed","Mon Feb 26 10:23:00 GMT 2024","Mon Feb 26 10:23:00 GMT 2024","241","Profile","2FA","Setup 2FA","","","Invalid Email - Setup 2FA",""
"passed","Mon Feb 26 10:23:42 GMT 2024","Mon Feb 26 10:23:42 GMT 2024","133","Payout","Fetch Scheduled Payouts","","","","Empty Fields - Fetch Scheduled Payouts",""
"failed","Mon Feb 26 10:23:19 GMT 2024","Mon Feb 26 10:23:19 GMT 2024","319","Bills","Pay Bill","","","","Pay Bill - No account ref field",""
"passed","Mon Feb 26 10:23:36 GMT 2024","Mon Feb 26 10:23:36 GMT 2024","156","Settings","Custom Payout","Fetch Custom Payout","","","Invalid Business ID - Fetch Custom Payout",""
"failed","Mon Feb 26 10:23:21 GMT 2024","Mon Feb 26 10:23:21 GMT 2024","191","Bills","Upload Bill Supporting Documents","","","","Upload Bill Supporting Documents -no file uploaded",""
"passed","Mon Feb 26 10:22:22 GMT 2024","Mon Feb 26 10:22:23 GMT 2024","363","Business","Utilities","Switch Business Display Status","","","Successful - Switch Business Display Status",""
"passed","Mon Feb 26 10:23:43 GMT 2024","Mon Feb 26 10:23:44 GMT 2024","127","Payout","Bulk Payout Summary","","","","Empty Business ID Field - Bulk Payout Summary",""
"passed","Mon Feb 26 10:23:45 GMT 2024","Mon Feb 26 10:23:45 GMT 2024","147","Payout","Process Bulk Payout","","","","Invalid Batch Payout Ref - Process Bulk Payout",""
"passed","Mon Feb 26 10:22:25 GMT 2024","Mon Feb 26 10:22:25 GMT 2024","127","Business","Wallets","Create Wallet","","","Empty Lastname Field - Create Wallet Copy 2",""
"failed","Mon Feb 26 10:23:17 GMT 2024","Mon Feb 26 10:23:17 GMT 2024","114","Bills","Create Bill","","","","Create Bill - no invoice number",""
"passed","Mon Feb 26 10:22:27 GMT 2024","Mon Feb 26 10:22:27 GMT 2024","180","Business","Wallets","Get Master Wallet Balance","","","Successful - Get Master Wallet Balance Copy",""
"passed","Mon Feb 26 10:22:55 GMT 2024","Mon Feb 26 10:22:55 GMT 2024","124","Virtual Accounts","Get Accounts","","","","Without Business ID - Get Accounts",""
"passed","Mon Feb 26 10:22:19 GMT 2024","Mon Feb 26 10:22:20 GMT 2024","171","Business","Utilities","Get Business","","","Invalid Business ID - Get Business",""
"passed","Mon Feb 26 10:23:27 GMT 2024","Mon Feb 26 10:23:27 GMT 2024","92","Settings","Approval Workflow Engine Copy","","","","Send approval reminders",""
"passed","Mon Feb 26 10:23:37 GMT 2024","Mon Feb 26 10:23:37 GMT 2024","131","Settings","","","","","Request Business Activation",""
"passed","Mon Feb 26 10:23:41 GMT 2024","Mon Feb 26 10:23:41 GMT 2024","149","Payout","Process scheduled payments","","","","Proccess Scheduled Payments",""
"passed","Mon Feb 26 10:22:57 GMT 2024","Mon Feb 26 10:22:57 GMT 2024","422","Profile","Profile","Update Profile","","","Successful - Update Profile","As an authenticated user(merchant) you can update your profile"
"passed","Mon Feb 26 10:23:26 GMT 2024","Mon Feb 26 10:23:26 GMT 2024","81","Settings","Approval Workflow Engine Copy","","","","Fetch Single Policy",""
"passed","Mon Feb 26 10:23:45 GMT 2024","Mon Feb 26 10:23:45 GMT 2024","206","Payout","delete bulk payout","","","","Successful - Delete Bulk Payout",""
"passed","Mon Feb 26 10:23:12 GMT 2024","Mon Feb 26 10:23:13 GMT 2024","115","Bills","Edit  business billing","","","","Edit business billing - Invalid Auth Key",""
"passed","Mon Feb 26 10:23:03 GMT 2024","Mon Feb 26 10:23:03 GMT 2024","126","Recipients","Add recipient","","","","add recipient- Empty Account number",""
"passed","Mon Feb 26 10:22:24 GMT 2024","Mon Feb 26 10:22:24 GMT 2024","129","Business","Wallets","Create Wallet","","","Empty Firstname Field - Create Wallet",""
"failed","Mon Feb 26 10:23:15 GMT 2024","Mon Feb 26 10:23:15 GMT 2024","341","Bills","Add default billings","","","","Add default billings - negative fixed value_failed",""
"passed","Mon Feb 26 10:23:39 GMT 2024","Mon Feb 26 10:23:39 GMT 2024","123","Payout","Add Payouts to Existing Bulk Records","","","","Invalid Email - Add Payouts to Existing Bulk Records",""
"passed","Mon Feb 26 10:22:49 GMT 2024","Mon Feb 26 10:22:49 GMT 2024","171","Invoice","Fetch Invoice Details","","","","Successful - Fetch Invoice Details",""
"passed","Mon Feb 26 10:23:38 GMT 2024","Mon Feb 26 10:23:38 GMT 2024","125","Payout","Add Payouts to Existing Bulk Records","","","","Empty Business ID Field - Add Payouts to Existing Bulk Records Copy",""
